{"mean": [0.0008197009999645995, 0.004156705437389374, 0.008428711619865404, 0.017058362948291775, 1.001142381820291, 1.0021327552177102, 1.002356354999679, 0.988760663794374, 0.14765708753769685, 0.14699307020575725, 0.0006640173320206665, 52.267700462135906, 0.5327459043748344, 0.016293387495785853, 0.016755816402273253, 1.0201758104554282, 0.023723293553627397, 0.47544063878415527, 0.0008229776197621146, 0.0008267915899831959, 0.0008306447428240811, 0.0008388601490783537, 0.017077815898055324, 0.008428711619865404, 0.017058362948291775, 0.008428711619865399, 0.024611776355169444, 0.0008197009999645995, 0.0008197009999645995, 0.0008197009999645995, 0.0008197009999645995, 0.0008197009999645995, 0.0008197009999645995, 0.0008197009999645995, 0.0008197009999645995, 0.0008197009999645995, 0.0008197009999645995, 0.0008197009999645995, 0.0008197009999645995, 0.0008197009999645995, 0.0008197009999645995, 0.0008197009999645995, 0.0008197009999645995, 0.0008197009999645995, 0.0008197009999645995, 0.0008197009999645995, 0.0008197009999645995, 0.0008197009999645995, 0.0008197009999645995, 0.0008197009999645995], "std": [0.01859693778114344, 0.0421334396278448, 0.05975627403939186, 0.08535100089958994, 0.02567497867458949, 0.04513560141718818, 0.0809154322576745, 0.1845806173153128, 0.9966557317303245, 0.9318734689250306, 0.28820584498839813, 17.523815324486147, 0.3243458742012448, 0.008991664952729652, 0.008046001299288653, 0.5274760626839943, 0.01472364935069922, 0.34497375870730124, 0.01860764464941685, 0.018618220290699244, 0.01862862079199587, 0.01864727309704227, 0.07474972154349474, 0.05975627403939186, 0.08535100089958994, 0.05975627403939188, 0.010350979320616358, 0.01859693778114344, 0.01859693778114344, 0.01859693778114344, 0.01859693778114344, 0.01859693778114344, 0.01859693778114344, 0.01859693778114344, 0.01859693778114344, 0.01859693778114344, 0.01859693778114344, 0.01859693778114344, 0.01859693778114344, 0.01859693778114344, 0.01859693778114344, 0.01859693778114344, 0.01859693778114344, 0.01859693778114344, 0.01859693778114344, 0.01859693778114344, 0.01859693778114344, 0.01859693778114344, 0.01859693778114344, 0.01859693778114344]}