{
  "train_losses": [
    1.7239114716334685,
    1.701794128126233,
    1.6866663959710406,
    1.6625980778837002,
    1.64524583839163,
    1.6205252488202686,
    1.6012459808512578,
    1.571905714047106,
    1.5495232591397652,
    1.523183029789462,
    1.4923947926312056,
    1.468257009605818,
    1.4403438402127615,
    1.4245581179228513,
    1.403226541315956,
    1.371079361388452,
    1.3591833075642084,
    1.3494679983155133,
    1.3132134318854738,
    1.3064411692478486
  ],
  "val_losses": [
    1.7705469534677618,
    1.7747602375114666,
    1.7468842267990112,
    1.7283496202207078,
    1.7036512032443403,
    1.6824896183668399,
    1.6642139530649371,
    1.6371136558990853,
    1.637489019655714,
    1.608536301874647,
    1.5738298343677146,
    1.5670389509668536,
    1.5467045914893056,
    1.529954099187664,
    1.5136156865194732,
    1.4763004382451375,
    1.4763909730256772,
    1.4909530778725941,
    1.4581727256961898,
    1.4356631286004011
  ],
  "best_val_loss": 1.4356631286004011,
  "epochs_trained": 20
}