{
  "episode_rewards": [
    -0.0033935703749987667,
    203.96666248684647,
    -0.0038531469374977756,
    -0.003292268812497834,
    8.190135230821264,
    -4.0859758453870345,
    -0.0024702255000008666,
    -0.003956625937499847,
    -0.002690876625000005,
    -0.002509956375000566,
    229.89471044160933,
    -0.003198010125002315,
    -0.0018701098124990212,
    -0.003184272187500836,
    -0.0018379338749999197,
    -0.002581180875001199,
    -0.0025875680625009334,
    -10.549113959838312,
    -0.0016396582499994539,
    -0.0032643594375006413,
    -0.0023932462500014795,
    126.99991578095685,
    -0.07750756637500411,
    122.86304006603478,
    -0.003928657874999186,
    86.21464135530111,
    307.52608248061216,
    -0.002514271874999585,
    -0.0025180938749980175,
    -0.0018717991875000228,
    -0.0010192936875000336,
    188.11032831446659,
    3.5225573027749326,
    -0.001839917250000267,
    63.21630531198859,
    153.6071231264737,
    -0.00334696650000077,
    97.54165124259788,
    -0.0027043214999994403,
    -0.002627701687499262,
    -0.003352820437500792,
    -0.0018343860000005763,
    -0.0026490843749990556,
    -0.0026126955000010943,
    -0.003145632375001206,
    -0.003339644249998608,
    -0.0031300696875014022,
    -0.0018846502500016737,
    23.482491107231127,
    -0.0025575926249993275
  ],
  "best_reward": 307.52608248061216,
  "config": {
    "episodes": 50,
    "batch_size": 256,
    "device": "cuda"
  }
}