{"mean": [0.0008578180568292737, 0.004296688828617334, 0.00882813148200512, 0.01799856126308441, 0.981281578540802, 0.9853659272193909, 0.9873813390731812, 0.9757736325263977, 0.1056087538599968, 0.10575773566961288, -8.081096166279167e-05, 51.54582214355469, 48.738826751708984, 47.97440719604492, 0.506338357925415, 0.022927304729819298, 0.024023789912462234, 0.9437732100486755, 0.1543550044298172, 0.9955867528915405, 5.052347660064697, 0.036555755883455276, 0.03154449909925461, 0.4613691568374634, 0.0008604135946370661, 0.0008631582604721189, 0.0008661010069772601, 0.0008723296923562884, 0.013975618407130241, 0.00882813148200512, 0.01799856126308441, 0.00882813148200512, 0.03469222038984299, 24.07675552368164, 22.506900787353516, 0.01799856126308441, 0.0, 0.0, 0.0, 0.0, 0.0, 0.0008578180568292737, 0.0008578180568292737, 0.0008578180568292737, 0.0008578180568292737, 0.0008578180568292737, 0.0008578180568292737, 0.0008578180568292737, 0.0008578180568292737, 0.0008578180568292737, 0.0008578180568292737, 0.0008578180568292737, 0.0008578180568292737, 0.0008578180568292737, 0.0008578180568292737], "std": [0.02842976525425911, 0.06376805156469345, 0.09379219263792038, 0.13870850205421448, 0.0387527272105217, 0.05895078554749489, 0.09704381227493286, 0.2003394514322281, 0.9231488704681396, 0.8589968085289001, 0.29523012042045593, 18.394805908203125, 28.5709285736084, 26.348905563354492, 0.3189796209335327, 0.01661793328821659, 0.015263344161212444, 0.2817988097667694, 0.13735465705394745, 1.0974619388580322, 811.9943237304688, 22.641597747802734, 0.029464947059750557, 0.36726513504981995, 0.028438325971364975, 0.028448034077882767, 0.028458641842007637, 0.0284790750592947, 0.11405977606773376, 0.09379219263792038, 0.13870850205421448, 0.09379219263792038, 0.02115071378648281, 14.15411376953125, 13.94601821899414, 0.13870850205421448, 9.99999993922529e-09, 9.99999993922529e-09, 9.99999993922529e-09, 9.99999993922529e-09, 9.99999993922529e-09, 0.02842976525425911, 0.02842976525425911, 0.02842976525425911, 0.02842976525425911, 0.02842976525425911, 0.02842976525425911, 0.02842976525425911, 0.02842976525425911, 0.02842976525425911, 0.02842976525425911, 0.02842976525425911, 0.02842976525425911, 0.02842976525425911, 0.02842976525425911], "feature_columns": ["return_1d", "return_5d", "return_10d", "return_20d", "sma_5_ratio", "sma_10_ratio", "sma_20_ratio", "sma_50_ratio", "macd", "macd_signal", "macd_hist", "rsi", "stoch_k", "stoch_d", "bb_percent", "volatility_10", "volatility_20", "volatility_ratio", "bb_width", "volume_ratio", "volume_change", "obv_trend", "high_low_range", "close_position", "return_lag_1", "return_lag_2", "return_lag_3", "return_lag_5", "close_normalized", "momentum_10", "momentum_20", "roc_10", "atr_ratio", "plus_di", "minus_di", "roc_20", "news_sentiment", "news_impact", "news_count", "breaking_news", "sentiment_trend", "return_1d", "return_1d", "return_1d", "return_1d", "return_1d", "return_1d", "return_1d", "return_1d", "return_1d", "return_1d", "return_1d", "return_1d", "return_1d", "return_1d"]}