{
  "train_losses": [
    2.504598477954167,
    2.458109657706703,
    2.416750352724135,
    2.382754344138087,
    2.3520638054636938,
    2.3217941546243592,
    2.2968582307045637,
    2.2701856208056412,
    2.245796169127956,
    2.21832111242934,
    2.197039278311437,
    2.169709634744034,
    2.144926223326196,
    2.117543486883074,
    2.097145615657048,
    2.071798765554924,
    2.0465569744584244,
    2.023104956934957,
    1.9984606267987055,
    1.9749124303790235,
    1.948302609259661,
    1.9240982134522757,
    1.9013282996302472,
    1.8787160680074166,
    1.8540211606738126,
    1.8313190213556698,
    1.8104861263513934,
    1.7888511429122893,
    1.7692169598363712,
    1.746488691819568,
    1.7299077296643943,
    1.70786909223954,
    1.6882482484589527,
    1.6684211492845535,
    1.6494664450640042,
    1.6348864151177365,
    1.6153951266541546,
    1.599362226075453,
    1.5809127715431126,
    1.5637400754790278,
    1.5470664593928993,
    1.5325208242593016,
    1.5173163907021852,
    1.5021899184850245,
    1.4879111151207605,
    1.4750820480628704,
    1.4593746673809014,
    1.4444535058346806,
    1.4315294410874093,
    1.4213713365753307
  ],
  "val_losses": [
    2.4880936951018295,
    2.464717381562178,
    2.4137430660999737,
    2.371758231606621,
    2.348748359972468,
    2.323314163690576,
    2.2917403300794272,
    2.2992076004067292,
    2.2639841842823305,
    2.2504479779073825,
    2.2299518751410337,
    2.1981416245779166,
    2.1753300598894176,
    2.164582165961082,
    2.1308164314295235,
    2.1337610371410847,
    2.0837721897718997,
    2.079835207846302,
    2.0603667120807447,
    2.03930130500633,
    2.04640628841634,
    2.008795753121376,
    1.983089426962229,
    1.9740647895691485,
    1.954367725751721,
    1.9290820066458905,
    1.928347673267126,
    1.9158037377951236,
    1.8670907431783585,
    1.866732594342186,
    1.8827402428365672,
    1.830892923216407,
    1.8171678794404635,
    1.8328897603429282,
    1.7756314016878605,
    1.746456593561631,
    1.7670061935025911,
    1.739662875349705,
    1.763524323845139,
    1.7347580425154705,
    1.6850863090501382,
    1.6931446138769388,
    1.6801070841745689,
    1.6941541712731123,
    1.6347987462694828,
    1.6301519291905255,
    1.6541179803988109,
    1.6165785008611588,
    1.620764054931127,
    1.598458055120248
  ],
  "best_val_loss": 1.598458055120248,
  "epochs_trained": 50
}